mobile,userId,identityId
1390000001,user_load_001,identity_load_001
1390000002,user_load_002,identity_load_002
1390000003,user_load_003,identity_load_003
1390000004,user_load_004,identity_load_004
1390000005,user_load_005,identity_load_005
1390000006,user_load_006,identity_load_006
1390000007,user_load_007,identity_load_007
1390000008,user_load_008,identity_load_008
1390000009,user_load_009,identity_load_009
1390000010,user_load_010,identity_load_010
1390000011,user_load_011,identity_load_011
1390000012,user_load_012,identity_load_012
1390000013,user_load_013,identity_load_013
1390000014,user_load_014,identity_load_014
1390000015,user_load_015,identity_load_015
1390000016,user_load_016,identity_load_016
1390000017,user_load_017,identity_load_017
1390000018,user_load_018,identity_load_018
1390000019,user_load_019,identity_load_019
1390000020,user_load_020,identity_load_020
1390000021,user_load_021,identity_load_021
1390000022,user_load_022,identity_load_022
1390000023,user_load_023,identity_load_023
1390000024,user_load_024,identity_load_024
1390000025,user_load_025,identity_load_025
1390000026,user_load_026,identity_load_026
1390000027,user_load_027,identity_load_027
1390000028,user_load_028,identity_load_028
1390000029,user_load_029,identity_load_029
1390000030,user_load_030,identity_load_030
1390000031,user_load_031,identity_load_031
1390000032,user_load_032,identity_load_032
1390000033,user_load_033,identity_load_033
1390000034,user_load_034,identity_load_034
1390000035,user_load_035,identity_load_035
1390000036,user_load_036,identity_load_036
1390000037,user_load_037,identity_load_037
1390000038,user_load_038,identity_load_038
1390000039,user_load_039,identity_load_039
1390000040,user_load_040,identity_load_040
1390000041,user_load_041,identity_load_041
1390000042,user_load_042,identity_load_042
1390000043,user_load_043,identity_load_043
1390000044,user_load_044,identity_load_044
1390000045,user_load_045,identity_load_045
1390000046,user_load_046,identity_load_046
1390000047,user_load_047,identity_load_047
1390000048,user_load_048,identity_load_048
1390000049,user_load_049,identity_load_049
1390000050,user_load_050,identity_load_050
1390000051,user_load_051,identity_load_051
1390000052,user_load_052,identity_load_052
1390000053,user_load_053,identity_load_053
1390000054,user_load_054,identity_load_054
1390000055,user_load_055,identity_load_055
1390000056,user_load_056,identity_load_056
1390000057,user_load_057,identity_load_057
1390000058,user_load_058,identity_load_058
1390000059,user_load_059,identity_load_059
1390000060,user_load_060,identity_load_060
1390000061,user_load_061,identity_load_061
1390000062,user_load_062,identity_load_062
1390000063,user_load_063,identity_load_063
1390000064,user_load_064,identity_load_064
1390000065,user_load_065,identity_load_065
1390000066,user_load_066,identity_load_066
1390000067,user_load_067,identity_load_067
1390000068,user_load_068,identity_load_068
1390000069,user_load_069,identity_load_069
1390000070,user_load_070,identity_load_070
1390000071,user_load_071,identity_load_071
1390000072,user_load_072,identity_load_072
1390000073,user_load_073,identity_load_073
1390000074,user_load_074,identity_load_074
1390000075,user_load_075,identity_load_075
1390000076,user_load_076,identity_load_076
1390000077,user_load_077,identity_load_077
1390000078,user_load_078,identity_load_078
1390000079,user_load_079,identity_load_079
1390000080,user_load_080,identity_load_080
